[{"model": "auth.permission", "pk": 1, "fields": {"name": "Can add log entry", "content_type": 1, "codename": "add_logentry"}}, {"model": "auth.permission", "pk": 2, "fields": {"name": "Can change log entry", "content_type": 1, "codename": "change_logentry"}}, {"model": "auth.permission", "pk": 3, "fields": {"name": "Can delete log entry", "content_type": 1, "codename": "delete_logentry"}}, {"model": "auth.permission", "pk": 4, "fields": {"name": "Can view log entry", "content_type": 1, "codename": "view_logentry"}}, {"model": "auth.permission", "pk": 5, "fields": {"name": "Can add permission", "content_type": 2, "codename": "add_permission"}}, {"model": "auth.permission", "pk": 6, "fields": {"name": "Can change permission", "content_type": 2, "codename": "change_permission"}}, {"model": "auth.permission", "pk": 7, "fields": {"name": "Can delete permission", "content_type": 2, "codename": "delete_permission"}}, {"model": "auth.permission", "pk": 8, "fields": {"name": "Can view permission", "content_type": 2, "codename": "view_permission"}}, {"model": "auth.permission", "pk": 9, "fields": {"name": "Can add group", "content_type": 3, "codename": "add_group"}}, {"model": "auth.permission", "pk": 10, "fields": {"name": "Can change group", "content_type": 3, "codename": "change_group"}}, {"model": "auth.permission", "pk": 11, "fields": {"name": "Can delete group", "content_type": 3, "codename": "delete_group"}}, {"model": "auth.permission", "pk": 12, "fields": {"name": "Can view group", "content_type": 3, "codename": "view_group"}}, {"model": "auth.permission", "pk": 13, "fields": {"name": "Can add user", "content_type": 4, "codename": "add_user"}}, {"model": "auth.permission", "pk": 14, "fields": {"name": "Can change user", "content_type": 4, "codename": "change_user"}}, {"model": "auth.permission", "pk": 15, "fields": {"name": "Can delete user", "content_type": 4, "codename": "delete_user"}}, {"model": "auth.permission", "pk": 16, "fields": {"name": "Can view user", "content_type": 4, "codename": "view_user"}}, {"model": "auth.permission", "pk": 17, "fields": {"name": "Can add content type", "content_type": 5, "codename": "add_contenttype"}}, {"model": "auth.permission", "pk": 18, "fields": {"name": "Can change content type", "content_type": 5, "codename": "change_contenttype"}}, {"model": "auth.permission", "pk": 19, "fields": {"name": "Can delete content type", "content_type": 5, "codename": "delete_contenttype"}}, {"model": "auth.permission", "pk": 20, "fields": {"name": "Can view content type", "content_type": 5, "codename": "view_contenttype"}}, {"model": "auth.permission", "pk": 21, "fields": {"name": "Can add session", "content_type": 6, "codename": "add_session"}}, {"model": "auth.permission", "pk": 22, "fields": {"name": "Can change session", "content_type": 6, "codename": "change_session"}}, {"model": "auth.permission", "pk": 23, "fields": {"name": "Can delete session", "content_type": 6, "codename": "delete_session"}}, {"model": "auth.permission", "pk": 24, "fields": {"name": "Can view session", "content_type": 6, "codename": "view_session"}}, {"model": "auth.permission", "pk": 25, "fields": {"name": "Can add event", "content_type": 7, "codename": "add_event"}}, {"model": "auth.permission", "pk": 26, "fields": {"name": "Can change event", "content_type": 7, "codename": "change_event"}}, {"model": "auth.permission", "pk": 27, "fields": {"name": "Can delete event", "content_type": 7, "codename": "delete_event"}}, {"model": "auth.permission", "pk": 28, "fields": {"name": "Can view event", "content_type": 7, "codename": "view_event"}}, {"model": "auth.permission", "pk": 29, "fields": {"name": "Can add details", "content_type": 8, "codename": "add_details"}}, {"model": "auth.permission", "pk": 30, "fields": {"name": "Can change details", "content_type": 8, "codename": "change_details"}}, {"model": "auth.permission", "pk": 31, "fields": {"name": "Can delete details", "content_type": 8, "codename": "delete_details"}}, {"model": "auth.permission", "pk": 32, "fields": {"name": "Can view details", "content_type": 8, "codename": "view_details"}}, {"model": "auth.permission", "pk": 33, "fields": {"name": "Can add action", "content_type": 9, "codename": "add_action"}}, {"model": "auth.permission", "pk": 34, "fields": {"name": "Can change action", "content_type": 9, "codename": "change_action"}}, {"model": "auth.permission", "pk": 35, "fields": {"name": "Can delete action", "content_type": 9, "codename": "delete_action"}}, {"model": "auth.permission", "pk": 36, "fields": {"name": "Can view action", "content_type": 9, "codename": "view_action"}}, {"model": "auth.permission", "pk": 37, "fields": {"name": "Can add comment", "content_type": 10, "codename": "add_comment"}}, {"model": "auth.permission", "pk": 38, "fields": {"name": "Can change comment", "content_type": 10, "codename": "change_comment"}}, {"model": "auth.permission", "pk": 39, "fields": {"name": "Can delete comment", "content_type": 10, "codename": "delete_comment"}}, {"model": "auth.permission", "pk": 40, "fields": {"name": "Can view comment", "content_type": 10, "codename": "view_comment"}}, {"model": "auth.user", "pk": 1, "fields": {"password": "pbkdf2_sha256$600000$Wg9oAGnWkHL2TbndycPnXP$dPBiRJHMOsZKLwB55CDJ2wMx4UqV+L2wuuof1hFznN0=", "last_login": null, "is_superuser": false, "username": "agerhardt", "first_name": "alex", "last_name": "gerhardt", "email": "a.gerhardt@gmail.com", "is_staff": false, "is_active": true, "date_joined": "2023-11-06T15:50:15.832Z", "groups": [], "user_permissions": []}}, {"model": "auth.user", "pk": 2, "fields": {"password": "pbkdf2_sha256$600000$WGU4qYyK3vwmZev9sm5HXr$5S7JZ9neTaeIgJAN2g1eD2eeGRz8mKWV1rklMJGeJ0s=", "last_login": null, "is_superuser": false, "username": "newuser", "first_name": "", "last_name": "", "email": "user@user.com", "is_staff": false, "is_active": true, "date_joined": "2023-11-06T15:51:00.308Z", "groups": [], "user_permissions": []}}, {"model": "auth.user", "pk": 3, "fields": {"password": "pbkdf2_sha256$600000$VWiLDHhUVazvyN0YMBe5x7$kBxB41sD0iS1XH/bkMFr37fVFnrMoe5SVysuouX1npE=", "last_login": null, "is_superuser": false, "username": "test3", "first_name": "", "last_name": "", "email": "test@tes.com", "is_staff": false, "is_active": true, "date_joined": "2023-11-06T20:10:21.995Z", "groups": [], "user_permissions": []}}, {"model": "auth.user", "pk": 5, "fields": {"password": "pbkdf2_sha256$600000$836OGNd3mz3MiSSKJ47Giq$Ftlfp+SafQLT9m5e0KA+n4oRMiO8XDnnbm44ZSHJtiQ=", "last_login": null, "is_superuser": false, "username": "test4", "first_name": "", "last_name": "", "email": "test4@tes.com", "is_staff": false, "is_active": true, "date_joined": "2023-11-06T20:11:40.045Z", "groups": [], "user_permissions": []}}, {"model": "auth.user", "pk": 6, "fields": {"password": "pbkdf2_sha256$600000$Ix8nt9pT3wUdf5px1f8U2V$CT7g0zxmFM0KnsVF3eEYbVrbctn5mpODjiMtzbH8Rfc=", "last_login": null, "is_superuser": false, "username": "test5", "first_name": "", "last_name": "", "email": "test@test.com", "is_staff": false, "is_active": true, "date_joined": "2023-11-06T20:12:33.315Z", "groups": [], "user_permissions": []}}, {"model": "auth.user", "pk": 7, "fields": {"password": "pbkdf2_sha256$600000$z9aH7eBNNQpTL1fvR35zdD$sahYfFf7vAMmsgXzAHwj65KgPIlz2gaFQ54jqZThGGc=", "last_login": null, "is_superuser": false, "username": "user66", "first_name": "sally", "last_name": "rogers", "email": "user@tes.com", "is_staff": false, "is_active": true, "date_joined": "2023-11-14T14:39:33.140Z", "groups": [], "user_permissions": []}}, {"model": "auth.user", "pk": 8, "fields": {"password": "pbkdf2_sha256$600000$riVOG3FOAnhDOwm6IgS9sg$Mw55R3PjmHfAMUaGRWasg9t39POYhkP3G2AYm2Hvy3k=", "last_login": null, "is_superuser": false, "username": "test55", "first_name": "", "last_name": "", "email": "test@gmaol.com", "is_staff": false, "is_active": true, "date_joined": "2023-11-14T14:49:32.954Z", "groups": [], "user_permissions": []}}, {"model": "auth.user", "pk": 9, "fields": {"password": "pbkdf2_sha256$600000$m1aQBMrLAMyFtsG50xscYd$ByVCoIPaojNZq697lpZJcSYIFrQ3+pkQzh3fVv0gaU8=", "last_login": null, "is_superuser": false, "username": "newu", "first_name": "", "last_name": "", "email": "test@tes.com", "is_staff": false, "is_active": true, "date_joined": "2023-11-14T14:52:24.300Z", "groups": [], "user_permissions": []}}, {"model": "auth.user", "pk": 10, "fields": {"password": "pbkdf2_sha256$600000$atuexBXmCCABAnTtgBFXeN$1IoR2m9at2+ywf74HW+uYJOLO76oIG5x/gWJI9CS1og=", "last_login": null, "is_superuser": false, "username": "testuser1", "first_name": "testtaker", "last_name": "testing", "email": "test@tester.com", "is_staff": false, "is_active": true, "date_joined": "2023-11-14T15:28:05.584Z", "groups": [], "user_permissions": []}}, {"model": "auth.user", "pk": 11, "fields": {"password": "pbkdf2_sha256$600000$Qs5VMPm78gAF02Ntn5tRse$byXHszG1jDYNbpzwfzY12G0HvXyoXnigpSGpQ15UKTA=", "last_login": null, "is_superuser": false, "username": "testadmin1", "first_name": "Alexadmin3", "last_name": "Ghardtadmin", "email": "admin@gmail.com", "is_staff": false, "is_active": true, "date_joined": "2023-11-14T15:29:45.094Z", "groups": [], "user_permissions": []}}, {"model": "auth.user", "pk": 12, "fields": {"password": "pbkdf2_sha256$600000$njFhTDCUcJ5ultZWYazifI$Q+g90A5yAJrb2HmeQvZoz9R1hPed/Nn1lylT4QdlTCw=", "last_login": null, "is_superuser": false, "username": "admin", "first_name": "admin_alex", "last_name": "admin", "email": "admin@admin.com", "is_staff": false, "is_active": true, "date_joined": "2023-11-14T18:18:25.132Z", "groups": [], "user_permissions": []}}, {"model": "auth.user", "pk": 13, "fields": {"password": "pbkdf2_sha256$600000$vvjVgKXvLPxbLzfoxqW5al$y97haPKbogQXvPgYoOMMTBHz9ZToZni0GUmjjgn05rU=", "last_login": null, "is_superuser": false, "username": "newtest", "first_name": "newer", "last_name": "test", "email": "test@tes.com", "is_staff": false, "is_active": true, "date_joined": "2023-11-16T00:24:14.143Z", "groups": [], "user_permissions": []}}, {"model": "auth.user", "pk": 14, "fields": {"password": "pbkdf2_sha256$600000$rAHuwQntbJuXwqjxZL0q5L$QKgP3iexQhvcHNqguniBhuwSBmJQS4AC7EpPmt/RTx4=", "last_login": null, "is_superuser": false, "username": "reguser", "first_name": "reggie", "last_name": "regular", "email": "regular@test.com", "is_staff": false, "is_active": true, "date_joined": "2023-11-16T13:58:41.982Z", "groups": [], "user_permissions": []}}, {"model": "contenttypes.contenttype", "pk": 1, "fields": {"app_label": "admin", "model": "logentry"}}, {"model": "contenttypes.contenttype", "pk": 2, "fields": {"app_label": "auth", "model": "permission"}}, {"model": "contenttypes.contenttype", "pk": 3, "fields": {"app_label": "auth", "model": "group"}}, {"model": "contenttypes.contenttype", "pk": 4, "fields": {"app_label": "auth", "model": "user"}}, {"model": "contenttypes.contenttype", "pk": 5, "fields": {"app_label": "contenttypes", "model": "contenttype"}}, {"model": "contenttypes.contenttype", "pk": 6, "fields": {"app_label": "sessions", "model": "session"}}, {"model": "contenttypes.contenttype", "pk": 7, "fields": {"app_label": "myEventsApp", "model": "event"}}, {"model": "contenttypes.contenttype", "pk": 8, "fields": {"app_label": "users", "model": "details"}}, {"model": "contenttypes.contenttype", "pk": 9, "fields": {"app_label": "actions", "model": "action"}}, {"model": "contenttypes.contenttype", "pk": 10, "fields": {"app_label": "myEventsApp", "model": "comment"}}, {"model": "myEventsApp.event", "pk": 2, "fields": {"title": "Baseball Game", "description": "Let's go root root root for the home team! The Nats play this Thursday against the Baltimore Oriels at home. Tickets are only $5! Hope you can join us!", "image": "images/baseball-game.jpg", "host": "Adam Jones", "user": 1, "location": "Nationals Park", "address": "1502 Capitol South St SE, Washington, DC 20003", "attendees": 31, "date_posted": "2023-10-22T04:00:00Z", "event_date": "2023-10-30T19:30:00Z"}}, {"model": "myEventsApp.event", "pk": 3, "fields": {"title": "Painting in Park", "description": "Join us for a day of fun in the sun, painting the beautiful scenery in Great Falls Meadows", "image": "images/painting.jpg", "host": "Jane Smith", "user": 2, "location": "Great Falls Meadows", "address": "7483 Great Falls Meadow Drive, Great Falls, VA 22066", "attendees": 32, "date_posted": "2023-10-05T04:00:00Z", "event_date": "2023-11-25T15:30:00Z"}}, {"model": "myEventsApp.event", "pk": 22, "fields": {"title": "tennis", "description": "tennis match against another person", "image": "images/amateur_tennis_3Jifsa4.jpeg", "host": "billy", "user": 1, "location": "mclean high school", "address": "3510 Hillsboro Pike #59", "attendees": 8, "date_posted": "2023-10-31T19:05:08.069Z", "event_date": "2023-10-28T15:05:00Z"}}, {"model": "myEventsApp.comment", "pk": 2, "fields": {"event": 22, "name": "agerhardt", "body": "dqwdqw", "time_posted": "2023-11-13T23:33:02.618Z"}}, {"model": "myEventsApp.comment", "pk": 3, "fields": {"event": 22, "name": "agerhardt", "body": "new comment", "time_posted": "2023-11-13T23:44:45.094Z"}}, {"model": "myEventsApp.comment", "pk": 4, "fields": {"event": 22, "name": "agerhardt", "body": "new comment", "time_posted": "2023-11-13T23:44:47.629Z"}}, {"model": "myEventsApp.comment", "pk": 5, "fields": {"event": 22, "name": "agerhardt", "body": "new comment", "time_posted": "2023-11-13T23:44:52.301Z"}}, {"model": "myEventsApp.comment", "pk": 7, "fields": {"event": 22, "name": "agerhardt", "body": "blah blah blajg", "time_posted": "2023-11-14T00:08:20.901Z"}}, {"model": "myEventsApp.comment", "pk": 8, "fields": {"event": 22, "name": "agerhardt", "body": "new comment here", "time_posted": "2023-11-14T00:08:27.299Z"}}, {"model": "myEventsApp.comment", "pk": 9, "fields": {"event": 22, "name": "agerhardt", "body": "this looks fun!", "time_posted": "2023-11-14T00:40:16.446Z"}}, {"model": "myEventsApp.comment", "pk": 10, "fields": {"event": 22, "name": "agerhardt", "body": "boogie doogie", "time_posted": "2023-11-14T00:43:51.575Z"}}, {"model": "myEventsApp.comment", "pk": 11, "fields": {"event": 22, "name": "agerhardt", "body": "dwdqw", "time_posted": "2023-11-14T00:44:57.169Z"}}, {"model": "myEventsApp.comment", "pk": 12, "fields": {"event": 22, "name": "agerhardt", "body": "edited comment twice", "time_posted": "2023-11-14T00:50:03.596Z"}}, {"model": "myEventsApp.comment", "pk": 23, "fields": {"event": 22, "name": "newtest", "body": "editing this one", "time_posted": "2023-11-16T00:24:38.118Z"}}, {"model": "myEventsApp.comment", "pk": 26, "fields": {"event": 22, "name": "newtest", "body": "shorten it", "time_posted": "2023-11-16T00:33:08.922Z"}}, {"model": "myEventsApp.comment", "pk": 35, "fields": {"event": 22, "name": "admin", "body": "hey hey im alex", "time_posted": "2023-11-16T02:07:38.737Z"}}, {"model": "myEventsApp.comment", "pk": 36, "fields": {"event": 22, "name": "admin", "body": "love this", "time_posted": "2023-11-16T14:13:25.644Z"}}, {"model": "myEventsApp.comment", "pk": 39, "fields": {"event": 22, "name": "reguser", "body": "sxsxasc", "time_posted": "2023-11-16T14:22:28.474Z"}}, {"model": "users.details", "pk": 1, "fields": {"user": 3, "role": "registered_user"}}, {"model": "users.details", "pk": 2, "fields": {"user": 5, "role": "registered_user"}}, {"model": "users.details", "pk": 3, "fields": {"user": 6, "role": "admin"}}, {"model": "users.details", "pk": 4, "fields": {"user": 1, "role": "registered_user"}}, {"model": "users.details", "pk": 5, "fields": {"user": 2, "role": "registered_user"}}, {"model": "users.details", "pk": 6, "fields": {"user": 7, "role": "registered_user"}}, {"model": "users.details", "pk": 7, "fields": {"user": 8, "role": "registered_user"}}, {"model": "users.details", "pk": 8, "fields": {"user": 9, "role": "registered_user"}}, {"model": "users.details", "pk": 9, "fields": {"user": 10, "role": "registered_user"}}, {"model": "users.details", "pk": 10, "fields": {"user": 11, "role": "admin"}}, {"model": "users.details", "pk": 11, "fields": {"user": 12, "role": "admin"}}, {"model": "users.details", "pk": 12, "fields": {"user": 13, "role": "registered_user"}}, {"model": "users.details", "pk": 13, "fields": {"user": 14, "role": "registered_user"}}, {"model": "actions.action", "pk": 1, "fields": {"user": 1, "verb": "created event", "target_ct": 7, "target_id": 30, "created": "2023-11-08T21:40:50.402Z"}}, {"model": "actions.action", "pk": 2, "fields": {"user": 1, "verb": "edited an event", "target_ct": 7, "target_id": 22, "created": "2023-11-15T19:28:19.513Z"}}, {"model": "actions.action", "pk": 3, "fields": {"user": 12, "verb": "created event", "target_ct": 7, "target_id": 25, "created": "2023-11-16T00:13:33.016Z"}}, {"model": "actions.action", "pk": 4, "fields": {"user": 12, "verb": "created event", "target_ct": 7, "target_id": 31, "created": "2023-11-16T00:16:51.570Z"}}, {"model": "actions.action", "pk": 5, "fields": {"user": 12, "verb": "added a comment", "target_ct": 7, "target_id": 31, "created": "2023-11-16T00:16:57.116Z"}}, {"model": "actions.action", "pk": 6, "fields": {"user": 12, "verb": "deleted event", "target_ct": 7, "target_id": 31, "created": "2023-11-16T00:17:02.521Z"}}, {"model": "actions.action", "pk": 7, "fields": {"user": 13, "verb": "added a comment", "target_ct": 7, "target_id": 22, "created": "2023-11-16T00:24:38.120Z"}}, {"model": "actions.action", "pk": 8, "fields": {"user": 13, "verb": "added a comment", "target_ct": 7, "target_id": 22, "created": "2023-11-16T00:27:02.017Z"}}, {"model": "actions.action", "pk": 9, "fields": {"user": 13, "verb": "edited a comment", "target_ct": 10, "target_id": 23, "created": "2023-11-16T00:27:38.219Z"}}, {"model": "actions.action", "pk": 10, "fields": {"user": 13, "verb": "added a comment", "target_ct": 7, "target_id": 22, "created": "2023-11-16T00:29:30.127Z"}}, {"model": "actions.action", "pk": 11, "fields": {"user": 13, "verb": "added a comment", "target_ct": 7, "target_id": 22, "created": "2023-11-16T00:33:08.927Z"}}, {"model": "actions.action", "pk": 12, "fields": {"user": 13, "verb": "added a comment", "target_ct": 7, "target_id": 22, "created": "2023-11-16T00:38:08.133Z"}}, {"model": "actions.action", "pk": 13, "fields": {"user": 13, "verb": "added a comment", "target_ct": 7, "target_id": 22, "created": "2023-11-16T00:38:22.317Z"}}, {"model": "actions.action", "pk": 14, "fields": {"user": 13, "verb": "added a comment", "target_ct": 7, "target_id": 22, "created": "2023-11-16T00:45:21.548Z"}}, {"model": "actions.action", "pk": 15, "fields": {"user": 13, "verb": "added a comment", "target_ct": 7, "target_id": 22, "created": "2023-11-16T00:46:02.690Z"}}, {"model": "actions.action", "pk": 16, "fields": {"user": 13, "verb": "added a comment", "target_ct": 7, "target_id": 22, "created": "2023-11-16T00:46:35.891Z"}}, {"model": "actions.action", "pk": 17, "fields": {"user": 13, "verb": "added a comment", "target_ct": 7, "target_id": 22, "created": "2023-11-16T00:47:44.229Z"}}, {"model": "actions.action", "pk": 18, "fields": {"user": 13, "verb": "added a comment", "target_ct": 7, "target_id": 22, "created": "2023-11-16T00:48:09.729Z"}}, {"model": "actions.action", "pk": 19, "fields": {"user": 13, "verb": "added a comment", "target_ct": 7, "target_id": 22, "created": "2023-11-16T00:48:24.306Z"}}, {"model": "actions.action", "pk": 20, "fields": {"user": 13, "verb": "deleted a comment", "target_ct": 10, "target_id": 30, "created": "2023-11-16T01:55:07.409Z"}}, {"model": "actions.action", "pk": 21, "fields": {"user": 13, "verb": "deleted a comment", "target_ct": 10, "target_id": 29, "created": "2023-11-16T01:55:20.739Z"}}, {"model": "actions.action", "pk": 22, "fields": {"user": 13, "verb": "edited a comment", "target_ct": 10, "target_id": 28, "created": "2023-11-16T01:55:51.364Z"}}, {"model": "actions.action", "pk": 23, "fields": {"user": 13, "verb": "deleted a comment", "target_ct": 10, "target_id": 25, "created": "2023-11-16T01:55:57.536Z"}}, {"model": "actions.action", "pk": 24, "fields": {"user": 13, "verb": "deleted a comment", "target_ct": 10, "target_id": 27, "created": "2023-11-16T01:59:39.551Z"}}, {"model": "actions.action", "pk": 25, "fields": {"user": 13, "verb": "deleted a comment", "target_ct": 10, "target_id": 24, "created": "2023-11-16T01:59:51.056Z"}}, {"model": "actions.action", "pk": 26, "fields": {"user": 13, "verb": "deleted a comment", "target_ct": 10, "target_id": 28, "created": "2023-11-16T01:59:53.479Z"}}, {"model": "actions.action", "pk": 27, "fields": {"user": 13, "verb": "edited a comment", "target_ct": 10, "target_id": 26, "created": "2023-11-16T02:00:03.749Z"}}, {"model": "actions.action", "pk": 28, "fields": {"user": 12, "verb": "added a comment", "target_ct": 7, "target_id": 22, "created": "2023-11-16T02:07:38.745Z"}}, {"model": "actions.action", "pk": 29, "fields": {"user": 12, "verb": "added a comment", "target_ct": 7, "target_id": 22, "created": "2023-11-16T14:13:25.648Z"}}, {"model": "actions.action", "pk": 30, "fields": {"user": 14, "verb": "added a comment", "target_ct": 7, "target_id": 22, "created": "2023-11-16T14:20:02.417Z"}}, {"model": "actions.action", "pk": 31, "fields": {"user": 14, "verb": "deleted a comment", "target_ct": 10, "target_id": 37, "created": "2023-11-16T14:20:07.365Z"}}, {"model": "actions.action", "pk": 32, "fields": {"user": 14, "verb": "added a comment", "target_ct": 7, "target_id": 22, "created": "2023-11-16T14:21:06.084Z"}}, {"model": "actions.action", "pk": 33, "fields": {"user": 14, "verb": "deleted a comment", "target_ct": 10, "target_id": 38, "created": "2023-11-16T14:21:08.914Z"}}, {"model": "actions.action", "pk": 34, "fields": {"user": 14, "verb": "added a comment", "target_ct": 7, "target_id": 22, "created": "2023-11-16T14:22:28.476Z"}}]